Northwind Industries - Income Statement,,,,,
USD in millions,,,,,
Line item,FY2021,FY2022,FY2023,FY2024,FY2025
Revenue,1000,1150,1310,1520,1702
Cost of goods sold,600,684,774,897,1011
Gross profit,400,466,536,623,691
"Selling, general & administrative",200,225,250,285,345
Depreciation & amortization,40,44,50,60,66
Operating income,160,197,236,278,280
Interest expense,12,11,22,28,30
Income before taxes,148,186,214,250,250
Income tax expense,37.0,46.5,53.5,62.5,62.5
Net income,111.0,139.5,160.5,187.5,187.5
Diluted shares outstanding,100,99,97,96,95
